--
-- PostgreSQL database dump
--

-- Dumped from database version 15.13
-- Dumped by pg_dump version 15.13

SET statement_timeout = 0;
SET lock_timeout = 0;
SET idle_in_transaction_session_timeout = 0;
SET client_encoding = 'UTF8';
SET standard_conforming_strings = on;
SELECT pg_catalog.set_config('search_path', '', false);
SET check_function_bodies = false;
SET xmloption = content;
SET client_min_messages = warning;
SET row_security = off;

--
-- Data for Name: users; Type: TABLE DATA; Schema: public; Owner: tme_user
--

COPY public.users (id, employee_code, email, first_name, last_name, full_name, phone, department, designation, hashed_password, role, status, must_change_password, last_password_change, failed_login_attempts, locked_until, created_at, updated_at, last_login) FROM stdin;
2	76 RA	rowelyn@TME-Services.com	Rowelyn	Jocson	Rowelyn Jocson	+971 55 4 00 94 09	Company Setup	Bank Account Specialist	$2b$12$DL.QFkIQy9JcTXItf0koC.Fb3Q7GvKfj8MmbH1wVPJE4wmIECiOla	staff	active	t	\N	0	\N	2025-08-09 13:56:48.094963	2025-08-09 13:56:48.094963	\N
5	109 PS	princyss@TME-Services.com	Princyss	Sampaga	Princyss Sampaga	+971 55 4 00 94 09	Company Setup	Bank Account Specialist	$2b$12$DL.QFkIQy9JcTXItf0koC.Fb3Q7GvKfj8MmbH1wVPJE4wmIECiOla	staff	active	t	\N	0	\N	2025-08-09 13:56:48.104009	2025-08-09 13:56:48.104009	\N
6	13 DH	dijendra@TME-Services.com	Dijendra	Hegde	Dijendra Hegde	+971 55 9 34 00 54	Accounting	CFO (Chief Financial Officer)	$2b$12$DL.QFkIQy9JcTXItf0koC.Fb3Q7GvKfj8MmbH1wVPJE4wmIECiOla	manager	active	t	\N	0	\N	2025-08-09 13:56:48.105513	2025-08-09 13:56:48.105513	\N
7	19 DS	dakshath@TME-Services.com	Dakshath	Sridhara	Dakshath Sridhara	+971 52 3 47 37 32	Accounting	Manager - Accounting	$2b$12$DL.QFkIQy9JcTXItf0koC.Fb3Q7GvKfj8MmbH1wVPJE4wmIECiOla	manager	active	t	\N	0	\N	2025-08-09 13:56:48.107129	2025-08-09 13:56:48.107129	\N
8	23 TA	tabassum@TME-Services.com	Tabassum	Begum	Tabassum Begum	+971 52 3 47 37 32	Accounting	Payments	$2b$12$DL.QFkIQy9JcTXItf0koC.Fb3Q7GvKfj8MmbH1wVPJE4wmIECiOla	staff	active	t	\N	0	\N	2025-08-09 13:56:48.10842	2025-08-09 13:56:48.10842	\N
9	38 TZ	tariq@TME-Services.com	Tariq	Malik	Tariq Malik	+971 52 3 47 37 32	Accounting	Manager - Accounting	$2b$12$DL.QFkIQy9JcTXItf0koC.Fb3Q7GvKfj8MmbH1wVPJE4wmIECiOla	manager	active	t	\N	0	\N	2025-08-09 13:56:48.109751	2025-08-09 13:56:48.109751	\N
10	40 AS	akash@TME-Services.com	Akash	Shetty	Akash Shetty	+971 52 3 47 37 32	Accounting	Accountant	$2b$12$DL.QFkIQy9JcTXItf0koC.Fb3Q7GvKfj8MmbH1wVPJE4wmIECiOla	staff	active	t	\N	0	\N	2025-08-09 13:56:48.111748	2025-08-09 13:56:48.111748	\N
11	48 AB	ashly@TME-Services.com	Ashly	Biju	Ashly Biju	+971 52 3 47 37 32	Accounting	Invoicing	$2b$12$DL.QFkIQy9JcTXItf0koC.Fb3Q7GvKfj8MmbH1wVPJE4wmIECiOla	staff	active	t	\N	0	\N	2025-08-09 13:56:48.11353	2025-08-09 13:56:48.11353	\N
12	90 MD	myles@TME-Services.com	Myles	Cruz	Myles Cruz	+971 52 3 47 37 32	Accounting	Petty Cash	$2b$12$DL.QFkIQy9JcTXItf0koC.Fb3Q7GvKfj8MmbH1wVPJE4wmIECiOla	staff	active	t	\N	0	\N	2025-08-09 13:56:48.115314	2025-08-09 13:56:48.115314	\N
13	95 SiS	saquib@TME-Services.com	Saquib	Siraj	Saquib Siraj	+971 52 3 47 37 32	Accounting	Accountant	$2b$12$DL.QFkIQy9JcTXItf0koC.Fb3Q7GvKfj8MmbH1wVPJE4wmIECiOla	staff	active	t	\N	0	\N	2025-08-09 13:56:48.116759	2025-08-09 13:56:48.116759	\N
14	98 NP	nidhi@TME-Services.com	Nidhi	Pandey	Nidhi Pandey	+971 52 3 47 37 32	Accounting	Accountant	$2b$12$DL.QFkIQy9JcTXItf0koC.Fb3Q7GvKfj8MmbH1wVPJE4wmIECiOla	staff	active	t	\N	0	\N	2025-08-09 13:56:48.117794	2025-08-09 13:56:48.117794	\N
15	99 AtS	atheesha@TME-Services.com	Atheesha	Shetty	Atheesha Shetty	+971 52 3 47 37 32	Accounting	Payments / Payroll	$2b$12$DL.QFkIQy9JcTXItf0koC.Fb3Q7GvKfj8MmbH1wVPJE4wmIECiOla	staff	active	t	\N	0	\N	2025-08-09 13:56:48.118853	2025-08-09 13:56:48.118853	\N
16	100 MB	mehran@TME-Services.com	Mehran	Barde	Mehran Barde	+971 52 3 47 37 32	Accounting	Accountant	$2b$12$DL.QFkIQy9JcTXItf0koC.Fb3Q7GvKfj8MmbH1wVPJE4wmIECiOla	staff	active	t	\N	0	\N	2025-08-09 13:56:48.120001	2025-08-09 13:56:48.120001	\N
17	106 CV	charltzon@TME-Services.com	Charltzon	Varghese	Charltzon Varghese	+971 52 3 47 37 32	Accounting	Accountant	$2b$12$DL.QFkIQy9JcTXItf0koC.Fb3Q7GvKfj8MmbH1wVPJE4wmIECiOla	staff	active	t	\N	0	\N	2025-08-09 13:56:48.121122	2025-08-09 13:56:48.121122	\N
18	108 MR	rashid@TME-Services.com	Rashid	Basheer	Rashid Basheer	+971 52 3 47 37 32	Accounting	Accountant	$2b$12$DL.QFkIQy9JcTXItf0koC.Fb3Q7GvKfj8MmbH1wVPJE4wmIECiOla	staff	active	t	\N	0	\N	2025-08-09 13:56:48.122197	2025-08-09 13:56:48.122197	\N
19	110 CA	carol@TME-Services.com	Carol	Dalmeida	Carol Dalmeida	+971 52 3 47 37 32	Accounting	Accountant	$2b$12$DL.QFkIQy9JcTXItf0koC.Fb3Q7GvKfj8MmbH1wVPJE4wmIECiOla	staff	active	t	\N	0	\N	2025-08-09 13:56:48.123521	2025-08-09 13:56:48.123521	\N
20	111 OT	ovin@TME-Services.com	Ovin	Theodore	Ovin Theodore	+971 52 3 47 37 32	Accounting	Accountant	$2b$12$DL.QFkIQy9JcTXItf0koC.Fb3Q7GvKfj8MmbH1wVPJE4wmIECiOla	staff	active	t	\N	0	\N	2025-08-09 13:56:48.12486	2025-08-09 13:56:48.12486	\N
22	42 RJ	reshma@TME-Services.com	Reshma	Joseph	Reshma Joseph	+971 50 5 51 10 18	Tax and Compliance	Manager - VAT	$2b$12$DL.QFkIQy9JcTXItf0koC.Fb3Q7GvKfj8MmbH1wVPJE4wmIECiOla	manager	active	t	\N	0	\N	2025-08-09 13:56:48.126702	2025-08-09 13:56:48.126702	\N
23	58 YF	yashika@TME-Services.com	Yashika	Fernandes	Yashika Fernandes	+971 50 5 51 10 18	Tax and Compliance	CIT Executive	$2b$12$DL.QFkIQy9JcTXItf0koC.Fb3Q7GvKfj8MmbH1wVPJE4wmIECiOla	staff	active	t	\N	0	\N	2025-08-09 13:56:48.127631	2025-08-09 13:56:48.127631	\N
24	80 RoJ	roja@TME-Services.com	Roja	James	Roja James	+971 50 5 51 10 18	Tax and Compliance	Senior Compliance Executive	$2b$12$DL.QFkIQy9JcTXItf0koC.Fb3Q7GvKfj8MmbH1wVPJE4wmIECiOla	staff	active	t	\N	0	\N	2025-08-09 13:56:48.128768	2025-08-09 13:56:48.128768	\N
25	86 MA	anshad@TME-Services.com	Anshad	Chandveettil	Anshad Chandveettil	+971 50 5 51 10 18	Tax and Compliance	VAT Executive	$2b$12$DL.QFkIQy9JcTXItf0koC.Fb3Q7GvKfj8MmbH1wVPJE4wmIECiOla	staff	active	t	\N	0	\N	2025-08-09 13:56:48.129939	2025-08-09 13:56:48.129939	\N
26	89 RR	renji@TME-Services.com	Renji	Reghunadh	Renji Reghunadh	+971 50 5 51 10 18	Tax and Compliance	Manager - Admin / AML Specialist	$2b$12$DL.QFkIQy9JcTXItf0koC.Fb3Q7GvKfj8MmbH1wVPJE4wmIECiOla	manager	active	t	\N	0	\N	2025-08-09 13:56:48.130815	2025-08-09 13:56:48.130815	\N
27	92 CM	chirath@TME-Services.com	Chirath	Mayakaduwa	Chirath Mayakaduwa	+971 50 5 51 10 18	Tax and Compliance	Compliance Executive	$2b$12$DL.QFkIQy9JcTXItf0koC.Fb3Q7GvKfj8MmbH1wVPJE4wmIECiOla	staff	active	t	\N	0	\N	2025-08-09 13:56:48.132069	2025-08-09 13:56:48.132069	\N
28	112 NM	nabeel@TME-Services.com	Nabeel	Nizmi	Nabeel Nizmi	+971 50 5 51 10 18	Tax and Compliance	CIT Executive	$2b$12$DL.QFkIQy9JcTXItf0koC.Fb3Q7GvKfj8MmbH1wVPJE4wmIECiOla	staff	active	t	\N	0	\N	2025-08-09 13:56:48.133251	2025-08-09 13:56:48.133251	\N
29	22 NF	natali@TME-Services.com	Natali	Fernando	Natali Fernando	+971 52 9 08 12 82	Client Support	CCO (Chief Client Officer)	$2b$12$DL.QFkIQy9JcTXItf0koC.Fb3Q7GvKfj8MmbH1wVPJE4wmIECiOla	manager	active	t	\N	0	\N	2025-08-09 13:56:48.134241	2025-08-09 13:56:48.134241	\N
30	25 KM	pro@TME-Services.com	Kumar	Beera	Kumar Beera	+971 55 2 56 27 95	Client Support	PRO	$2b$12$DL.QFkIQy9JcTXItf0koC.Fb3Q7GvKfj8MmbH1wVPJE4wmIECiOla	staff	active	t	\N	0	\N	2025-08-09 13:56:48.135119	2025-08-09 13:56:48.135119	\N
31	36 UU	ulesh@TME-Services.com	Ulesh	Edathadan	Ulesh Edathadan	+971 52 3 35 86 92	Client Support	PRO	$2b$12$DL.QFkIQy9JcTXItf0koC.Fb3Q7GvKfj8MmbH1wVPJE4wmIECiOla	staff	active	t	\N	0	\N	2025-08-09 13:56:48.13606	2025-08-09 13:56:48.13606	\N
32	53 JT	jovel@TME-Services.com	Jovel	Tiro	Jovel Tiro	+971 52 7 65 96 33	Client Support	Driver / Messenger	$2b$12$DL.QFkIQy9JcTXItf0koC.Fb3Q7GvKfj8MmbH1wVPJE4wmIECiOla	staff	active	t	\N	0	\N	2025-08-09 13:56:48.137107	2025-08-09 13:56:48.137107	\N
21	33 MK	malavika@TME-Services.com	Malavika	Kolera	Malavika Kolera	+971 50 5 51 10 18	Tax and Compliance	CTCO (Chief Tax Compliance Officer)	$2b$12$UuSbLr1zbNEJrs2xJLYmjOOPvfMgTmddTU8SwMLa5YiHSUo7Ye4Ri	manager	active	f	2025-08-09 14:56:09.557463	0	\N	2025-08-09 13:56:48.125848	2025-08-09 14:56:09.557463	2025-08-09 14:55:32.721757
4	102 OO	onur@TME-Services.com	Onur	Ozturk	Onur Ozturk	+971 50 7 50 86 60	Company Setup	Assistant - Business Development	$2b$12$g.uDacCktOAhl1hwqEc.ueY85iNrMUItWrsJNFuaXEOlOCslZSjg6	staff	active	f	2025-08-09 14:21:28.604624	0	\N	2025-08-09 13:56:48.102021	2025-08-09 14:21:28.604624	2025-08-09 14:20:47.770439
3	96 TR	tina@TME-Services.com	Tina	Reimann	Tina Reimann	+971 50 7 50 86 60	Company Setup	Assistant - Business Development	$2b$12$RFgJNNrwNHlAiyBtf/7Qp.NqNBHo/ZLJ3uNsNJdAI1fTK06WFINlm	staff	active	f	2025-08-09 14:05:27.92279	0	\N	2025-08-09 13:56:48.097249	2025-08-12 10:39:35.962831	2025-08-12 10:39:35.962831
33	65 WM	wilma@TME-Services.com	Wilma	Menezes	Wilma Menezes	+971 55 7 97 87 31	Client Support	Senior Client Support Executive	$2b$12$DL.QFkIQy9JcTXItf0koC.Fb3Q7GvKfj8MmbH1wVPJE4wmIECiOla	staff	active	t	\N	0	\N	2025-08-09 13:56:48.138241	2025-08-09 13:56:48.138241	\N
34	75 WS	wafa@TME-Services.com	Wafa	Masood	Wafa Masood	+971 55 7 97 87 31	Client Support	Client Support Executive	$2b$12$DL.QFkIQy9JcTXItf0koC.Fb3Q7GvKfj8MmbH1wVPJE4wmIECiOla	staff	active	t	\N	0	\N	2025-08-09 13:56:48.139624	2025-08-09 13:56:48.139624	\N
35	79 ST	surya@TME-Services.com	Surya	Thulaseedharan	Surya Thulaseedharan	+971 55 7 97 87 31	Client Support	Client Support Executive	$2b$12$DL.QFkIQy9JcTXItf0koC.Fb3Q7GvKfj8MmbH1wVPJE4wmIECiOla	staff	active	t	\N	0	\N	2025-08-09 13:56:48.140967	2025-08-09 13:56:48.140967	\N
36	82 AC	alyssa@TME-Services.com	Alyssa	Castillo	Alyssa Castillo	+971 55 7 97 87 31	Client Support	Client Support Executive	$2b$12$DL.QFkIQy9JcTXItf0koC.Fb3Q7GvKfj8MmbH1wVPJE4wmIECiOla	staff	active	t	\N	0	\N	2025-08-09 13:56:48.141966	2025-08-09 13:56:48.141966	\N
37	87 VR	via@TME-Services.com	Via	Rosales	Via Rosales	+971 55 7 97 87 31	Client Support	Client Support Executive	$2b$12$DL.QFkIQy9JcTXItf0koC.Fb3Q7GvKfj8MmbH1wVPJE4wmIECiOla	staff	active	t	\N	0	\N	2025-08-09 13:56:48.142801	2025-08-09 13:56:48.142801	\N
38	88 AjA	aiswarya@TME-Services.com	Aiswarya	Ajaykumar	Aiswarya Ajaykumar	+971 55 7 97 87 31	Client Support	Client Support Executive	$2b$12$DL.QFkIQy9JcTXItf0koC.Fb3Q7GvKfj8MmbH1wVPJE4wmIECiOla	staff	active	t	\N	0	\N	2025-08-09 13:56:48.14372	2025-08-09 13:56:48.14372	\N
39	91 PG	priya@TME-Services.com	Priya	Ganapathy	Priya Ganapathy	+971 55 7 97 87 31	Client Support	Client Support Executive	$2b$12$DL.QFkIQy9JcTXItf0koC.Fb3Q7GvKfj8MmbH1wVPJE4wmIECiOla	staff	active	t	\N	0	\N	2025-08-09 13:56:48.145003	2025-08-09 13:56:48.145003	\N
40	101 AM	ankita@TME-Services.com	Ankita	More	Ankita More	+971 55 7 97 87 31	Client Support	Client Support Executive	$2b$12$DL.QFkIQy9JcTXItf0koC.Fb3Q7GvKfj8MmbH1wVPJE4wmIECiOla	staff	active	t	\N	0	\N	2025-08-09 13:56:48.146563	2025-08-09 13:56:48.146563	\N
41	105 MM	milani@TME-Services.com	Milani	Morris	Milani Morris	+971 58 6 41 18 59	Client Support	Receptionist	$2b$12$DL.QFkIQy9JcTXItf0koC.Fb3Q7GvKfj8MmbH1wVPJE4wmIECiOla	staff	active	t	\N	0	\N	2025-08-09 13:56:48.148642	2025-08-09 13:56:48.148642	\N
42	14 HH	hafees@TME-Services.com	Hafees	Hameed	Hafees Hameed	+971 52 9 73 86 38	IT	CIO (Chief Information Officer)	$2b$12$DL.QFkIQy9JcTXItf0koC.Fb3Q7GvKfj8MmbH1wVPJE4wmIECiOla	manager	active	t	\N	0	\N	2025-08-09 13:56:48.151618	2025-08-09 13:56:48.151618	\N
43	50 PA	praveen@TME-Services.com	Praveen	Pereira	Praveen Pereira	+971 52 4 06 39 18	IT	Manager - IT	$2b$12$DL.QFkIQy9JcTXItf0koC.Fb3Q7GvKfj8MmbH1wVPJE4wmIECiOla	manager	active	t	\N	0	\N	2025-08-09 13:56:48.153585	2025-08-09 13:56:48.153585	\N
44	103 DB	brayan@TME-Services.com	Brayan	Dsouza	Brayan Dsouza	+971 52 4 06 39 18	IT	IT Consultant	$2b$12$DL.QFkIQy9JcTXItf0koC.Fb3Q7GvKfj8MmbH1wVPJE4wmIECiOla	staff	active	t	\N	0	\N	2025-08-09 13:56:48.155315	2025-08-09 13:56:48.155315	\N
1	09 UH	uwe@TME-Services.com	Uwe	Hohmann	Uwe Hohmann	+971 55  5 51 10 18	Company Setup	CEO (Chief Executive Officer)	$2b$12$X7xv7..61OujPNxM22W3SuH8H5Ufv5DMgufnXlfRafr.8dZlRyy86	admin	active	f	2025-08-09 14:04:01.563315	0	\N	2025-08-09 13:56:48.088105	2025-08-12 09:08:14.192862	2025-08-12 09:08:14.192862
45	70 DN	damir@TME-Services.com	Damir	Novalic	Damir Novalic	+971 52 3 34 71 62	Marketing	CDO (Chief Digital Officer)	$2b$12$ZdKa9MxWcmYBDrIPQTFRgeMc/VIMat7cRcPOXVeRg3QtplzzkphI6	admin	active	f	2025-08-09 13:59:37.393581	0	\N	2025-08-09 13:56:48.157045	2025-08-12 10:39:12.427707	2025-08-12 10:39:12.427707
\.


--
-- Data for Name: audit_logs; Type: TABLE DATA; Schema: public; Owner: tme_user
--

COPY public.audit_logs (id, user_id, action, resource, resource_id, details, ip_address, user_agent, created_at) FROM stdin;
1	\N	review_system_error_get_notifications_by_user	review_system	\N	{"error": "relation \\"notifications\\" does not exist", "stack": "error: relation \\"notifications\\" does not exist\\n    at /Users/damir/tme portal v5.2/node_modules/pg-pool/index.js:45:11\\n    at process.processTicksAndRejections (node:internal/process/task_queues:95:5)\\n    at async safeDbOperation.notifications (/Users/damir/tme portal v5.2/.next/server/chunks/[root-of-the-server]__380e5730._.js:3051:41)\\n    at async safeDbOperation (/Users/damir/tme portal v5.2/.next/server/chunks/[root-of-the-server]__380e5730._.js:2528:16)\\n    at async GET (/Users/damir/tme portal v5.2/.next/server/chunks/[root-of-the-server]__380e5730._.js:3855:24)\\n    at async AppRouteRouteModule.do (/Users/damir/tme portal v5.2/node_modules/next/dist/compiled/next-server/app-route-turbo.runtime.dev.js:26:34112)\\n    at async AppRouteRouteModule.handle (/Users/damir/tme portal v5.2/node_modules/next/dist/compiled/next-server/app-route-turbo.runtime.dev.js:26:41338)\\n    at async doRender (/Users/damir/tme portal v5.2/node_modules/next/dist/server/base-server.js:1518:42)\\n    at async DevServer.renderToResponseWithComponentsImpl (/Users/damir/tme portal v5.2/node_modules/next/dist/server/base-server.js:1920:28)\\n    at async DevServer.renderPageComponent (/Users/damir/tme portal v5.2/node_modules/next/dist/server/base-server.js:2408:24)\\n    at async DevServer.renderToResponseImpl (/Users/damir/tme portal v5.2/node_modules/next/dist/server/base-server.js:2445:32)\\n    at async DevServer.pipeImpl (/Users/damir/tme portal v5.2/node_modules/next/dist/server/base-server.js:1008:25)\\n    at async NextNodeServer.handleCatchallRenderRequest (/Users/damir/tme portal v5.2/node_modules/next/dist/server/next-server.js:305:17)\\n    at async DevServer.handleRequestImpl (/Users/damir/tme portal v5.2/node_modules/next/dist/server/base-server.js:900:17)\\n    at async /Users/damir/tme portal v5.2/node_modules/next/dist/server/dev/next-dev-server.js:371:20\\n    at async Span.traceAsyncFn (/Users/damir/tme portal v5.2/node_modules/next/dist/trace/trace.js:157:20)\\n    at async DevServer.handleRequest (/Users/damir/tme portal v5.2/node_modules/next/dist/server/dev/next-dev-server.js:368:24)\\n    at async invokeRender (/Users/damir/tme portal v5.2/node_modules/next/dist/server/lib/router-server.js:237:21)\\n    at async handleRequest (/Users/damir/tme portal v5.2/node_modules/next/dist/server/lib/router-server.js:428:24)\\n    at async requestHandlerImpl (/Users/damir/tme portal v5.2/node_modules/next/dist/server/lib/router-server.js:452:13)\\n    at async Server.requestListener (/Users/damir/tme portal v5.2/node_modules/next/dist/server/lib/start-server.js:158:13)", "timestamp": "2025-08-09T13:57:22.900Z"}	\N	\N	2025-08-09 13:57:22.910005
2	\N	review_system_error_get_notifications_by_user	review_system	\N	{"error": "relation \\"notifications\\" does not exist", "stack": "error: relation \\"notifications\\" does not exist\\n    at /Users/damir/tme portal v5.2/node_modules/pg-pool/index.js:45:11\\n    at process.processTicksAndRejections (node:internal/process/task_queues:95:5)\\n    at async safeDbOperation.notifications (/Users/damir/tme portal v5.2/.next/server/chunks/[root-of-the-server]__380e5730._.js:3051:41)\\n    at async safeDbOperation (/Users/damir/tme portal v5.2/.next/server/chunks/[root-of-the-server]__380e5730._.js:2528:16)\\n    at async GET (/Users/damir/tme portal v5.2/.next/server/chunks/[root-of-the-server]__380e5730._.js:3855:24)\\n    at async AppRouteRouteModule.do (/Users/damir/tme portal v5.2/node_modules/next/dist/compiled/next-server/app-route-turbo.runtime.dev.js:26:34112)\\n    at async AppRouteRouteModule.handle (/Users/damir/tme portal v5.2/node_modules/next/dist/compiled/next-server/app-route-turbo.runtime.dev.js:26:41338)\\n    at async doRender (/Users/damir/tme portal v5.2/node_modules/next/dist/server/base-server.js:1518:42)\\n    at async DevServer.renderToResponseWithComponentsImpl (/Users/damir/tme portal v5.2/node_modules/next/dist/server/base-server.js:1920:28)\\n    at async DevServer.renderPageComponent (/Users/damir/tme portal v5.2/node_modules/next/dist/server/base-server.js:2408:24)\\n    at async DevServer.renderToResponseImpl (/Users/damir/tme portal v5.2/node_modules/next/dist/server/base-server.js:2445:32)\\n    at async DevServer.pipeImpl (/Users/damir/tme portal v5.2/node_modules/next/dist/server/base-server.js:1008:25)\\n    at async NextNodeServer.handleCatchallRenderRequest (/Users/damir/tme portal v5.2/node_modules/next/dist/server/next-server.js:305:17)\\n    at async DevServer.handleRequestImpl (/Users/damir/tme portal v5.2/node_modules/next/dist/server/base-server.js:900:17)\\n    at async /Users/damir/tme portal v5.2/node_modules/next/dist/server/dev/next-dev-server.js:371:20\\n    at async Span.traceAsyncFn (/Users/damir/tme portal v5.2/node_modules/next/dist/trace/trace.js:157:20)\\n    at async DevServer.handleRequest (/Users/damir/tme portal v5.2/node_modules/next/dist/server/dev/next-dev-server.js:368:24)\\n    at async invokeRender (/Users/damir/tme portal v5.2/node_modules/next/dist/server/lib/router-server.js:237:21)\\n    at async handleRequest (/Users/damir/tme portal v5.2/node_modules/next/dist/server/lib/router-server.js:428:24)\\n    at async requestHandlerImpl (/Users/damir/tme portal v5.2/node_modules/next/dist/server/lib/router-server.js:452:13)\\n    at async Server.requestListener (/Users/damir/tme portal v5.2/node_modules/next/dist/server/lib/start-server.js:158:13)", "timestamp": "2025-08-09T13:57:48.666Z"}	\N	\N	2025-08-09 13:57:48.701991
3	\N	review_system_error_get_applications_by_user	review_system	\N	{"error": "relation \\"applications\\" does not exist", "stack": "error: relation \\"applications\\" does not exist\\n    at /Users/damir/tme portal v5.2/node_modules/pg-pool/index.js:45:11\\n    at process.processTicksAndRejections (node:internal/process/task_queues:95:5)\\n    at async /Users/damir/tme portal v5.2/.next/server/chunks/[root-of-the-server]__380e5730._.js:2663:28\\n    at async safeDbOperation (/Users/damir/tme portal v5.2/.next/server/chunks/[root-of-the-server]__380e5730._.js:2528:16)\\n    at async GET (/Users/damir/tme portal v5.2/.next/server/chunks/[root-of-the-server]__1db76fd3._.js:3860:28)\\n    at async AppRouteRouteModule.do (/Users/damir/tme portal v5.2/node_modules/next/dist/compiled/next-server/app-route-turbo.runtime.dev.js:26:34112)\\n    at async AppRouteRouteModule.handle (/Users/damir/tme portal v5.2/node_modules/next/dist/compiled/next-server/app-route-turbo.runtime.dev.js:26:41338)\\n    at async doRender (/Users/damir/tme portal v5.2/node_modules/next/dist/server/base-server.js:1518:42)\\n    at async DevServer.renderToResponseWithComponentsImpl (/Users/damir/tme portal v5.2/node_modules/next/dist/server/base-server.js:1920:28)\\n    at async DevServer.renderPageComponent (/Users/damir/tme portal v5.2/node_modules/next/dist/server/base-server.js:2408:24)\\n    at async DevServer.renderToResponseImpl (/Users/damir/tme portal v5.2/node_modules/next/dist/server/base-server.js:2445:32)\\n    at async DevServer.pipeImpl (/Users/damir/tme portal v5.2/node_modules/next/dist/server/base-server.js:1008:25)\\n    at async NextNodeServer.handleCatchallRenderRequest (/Users/damir/tme portal v5.2/node_modules/next/dist/server/next-server.js:305:17)\\n    at async DevServer.handleRequestImpl (/Users/damir/tme portal v5.2/node_modules/next/dist/server/base-server.js:900:17)\\n    at async /Users/damir/tme portal v5.2/node_modules/next/dist/server/dev/next-dev-server.js:371:20\\n    at async Span.traceAsyncFn (/Users/damir/tme portal v5.2/node_modules/next/dist/trace/trace.js:157:20)\\n    at async DevServer.handleRequest (/Users/damir/tme portal v5.2/node_modules/next/dist/server/dev/next-dev-server.js:368:24)\\n    at async invokeRender (/Users/damir/tme portal v5.2/node_modules/next/dist/server/lib/router-server.js:237:21)\\n    at async handleRequest (/Users/damir/tme portal v5.2/node_modules/next/dist/server/lib/router-server.js:428:24)\\n    at async requestHandlerImpl (/Users/damir/tme portal v5.2/node_modules/next/dist/server/lib/router-server.js:452:13)\\n    at async Server.requestListener (/Users/damir/tme portal v5.2/node_modules/next/dist/server/lib/start-server.js:158:13)", "timestamp": "2025-08-09T13:57:56.050Z"}	\N	\N	2025-08-09 13:57:56.065326
4	\N	review_system_error_get_applications_by_user	review_system	\N	{"error": "relation \\"applications\\" does not exist", "stack": "error: relation \\"applications\\" does not exist\\n    at /Users/damir/tme portal v5.2/node_modules/pg-pool/index.js:45:11\\n    at process.processTicksAndRejections (node:internal/process/task_queues:95:5)\\n    at async /Users/damir/tme portal v5.2/.next/server/chunks/[root-of-the-server]__380e5730._.js:2663:28\\n    at async safeDbOperation (/Users/damir/tme portal v5.2/.next/server/chunks/[root-of-the-server]__380e5730._.js:2528:16)\\n    at async GET (/Users/damir/tme portal v5.2/.next/server/chunks/[root-of-the-server]__1db76fd3._.js:3860:28)\\n    at async AppRouteRouteModule.do (/Users/damir/tme portal v5.2/node_modules/next/dist/compiled/next-server/app-route-turbo.runtime.dev.js:26:34112)\\n    at async AppRouteRouteModule.handle (/Users/damir/tme portal v5.2/node_modules/next/dist/compiled/next-server/app-route-turbo.runtime.dev.js:26:41338)\\n    at async doRender (/Users/damir/tme portal v5.2/node_modules/next/dist/server/base-server.js:1518:42)\\n    at async DevServer.renderToResponseWithComponentsImpl (/Users/damir/tme portal v5.2/node_modules/next/dist/server/base-server.js:1920:28)\\n    at async DevServer.renderPageComponent (/Users/damir/tme portal v5.2/node_modules/next/dist/server/base-server.js:2408:24)\\n    at async DevServer.renderToResponseImpl (/Users/damir/tme portal v5.2/node_modules/next/dist/server/base-server.js:2445:32)\\n    at async DevServer.pipeImpl (/Users/damir/tme portal v5.2/node_modules/next/dist/server/base-server.js:1008:25)\\n    at async NextNodeServer.handleCatchallRenderRequest (/Users/damir/tme portal v5.2/node_modules/next/dist/server/next-server.js:305:17)\\n    at async DevServer.handleRequestImpl (/Users/damir/tme portal v5.2/node_modules/next/dist/server/base-server.js:900:17)\\n    at async /Users/damir/tme portal v5.2/node_modules/next/dist/server/dev/next-dev-server.js:371:20\\n    at async Span.traceAsyncFn (/Users/damir/tme portal v5.2/node_modules/next/dist/trace/trace.js:157:20)\\n    at async DevServer.handleRequest (/Users/damir/tme portal v5.2/node_modules/next/dist/server/dev/next-dev-server.js:368:24)\\n    at async invokeRender (/Users/damir/tme portal v5.2/node_modules/next/dist/server/lib/router-server.js:237:21)\\n    at async handleRequest (/Users/damir/tme portal v5.2/node_modules/next/dist/server/lib/router-server.js:428:24)\\n    at async requestHandlerImpl (/Users/damir/tme portal v5.2/node_modules/next/dist/server/lib/router-server.js:452:13)\\n    at async Server.requestListener (/Users/damir/tme portal v5.2/node_modules/next/dist/server/lib/start-server.js:158:13)", "timestamp": "2025-08-09T13:57:56.249Z"}	\N	\N	2025-08-09 13:57:56.260693
5	32	logout	auth	\N	\N	::1	Mozilla/5.0 (Macintosh; Intel Mac OS X 10_15_7) AppleWebKit/537.36 (KHTML, like Gecko) Chrome/138.0.0.0 Safari/537.36	2025-08-09 13:57:58.366705
6	\N	login_failed	auth	damir@TME-Services.com	{"reason": "invalid_credentials"}	::1	Mozilla/5.0 (Macintosh; Intel Mac OS X 10_15_7) AppleWebKit/537.36 (KHTML, like Gecko) Chrome/138.0.0.0 Safari/537.36	2025-08-09 13:58:11.65212
7	45	login_success	auth	\N	{"remember_me": false}	::1	Mozilla/5.0 (Macintosh; Intel Mac OS X 10_15_7) AppleWebKit/537.36 (KHTML, like Gecko) Chrome/138.0.0.0 Safari/537.36	2025-08-09 13:58:50.722051
8	45	change_password_failed	auth	\N	{"reason": "invalid_current_password"}	::1	Mozilla/5.0 (Macintosh; Intel Mac OS X 10_15_7) AppleWebKit/537.36 (KHTML, like Gecko) Chrome/138.0.0.0 Safari/537.36	2025-08-09 13:59:12.636385
9	45	change_password_success	auth	\N	{"sessions_invalidated": true}	::1	Mozilla/5.0 (Macintosh; Intel Mac OS X 10_15_7) AppleWebKit/537.36 (KHTML, like Gecko) Chrome/138.0.0.0 Safari/537.36	2025-08-09 13:59:37.417997
10	\N	review_system_error_get_applications_by_user	review_system	\N	{"error": "relation \\"applications\\" does not exist", "stack": "error: relation \\"applications\\" does not exist\\n    at /Users/damir/tme portal v5.2/node_modules/pg-pool/index.js:45:11\\n    at process.processTicksAndRejections (node:internal/process/task_queues:95:5)\\n    at async /Users/damir/tme portal v5.2/.next/server/chunks/[root-of-the-server]__380e5730._.js:2663:28\\n    at async safeDbOperation (/Users/damir/tme portal v5.2/.next/server/chunks/[root-of-the-server]__380e5730._.js:2528:16)\\n    at async GET (/Users/damir/tme portal v5.2/.next/server/chunks/[root-of-the-server]__1db76fd3._.js:3860:28)\\n    at async AppRouteRouteModule.do (/Users/damir/tme portal v5.2/node_modules/next/dist/compiled/next-server/app-route-turbo.runtime.dev.js:26:34112)\\n    at async AppRouteRouteModule.handle (/Users/damir/tme portal v5.2/node_modules/next/dist/compiled/next-server/app-route-turbo.runtime.dev.js:26:41338)\\n    at async doRender (/Users/damir/tme portal v5.2/node_modules/next/dist/server/base-server.js:1518:42)\\n    at async DevServer.renderToResponseWithComponentsImpl (/Users/damir/tme portal v5.2/node_modules/next/dist/server/base-server.js:1920:28)\\n    at async DevServer.renderPageComponent (/Users/damir/tme portal v5.2/node_modules/next/dist/server/base-server.js:2408:24)\\n    at async DevServer.renderToResponseImpl (/Users/damir/tme portal v5.2/node_modules/next/dist/server/base-server.js:2445:32)\\n    at async DevServer.pipeImpl (/Users/damir/tme portal v5.2/node_modules/next/dist/server/base-server.js:1008:25)\\n    at async NextNodeServer.handleCatchallRenderRequest (/Users/damir/tme portal v5.2/node_modules/next/dist/server/next-server.js:305:17)\\n    at async DevServer.handleRequestImpl (/Users/damir/tme portal v5.2/node_modules/next/dist/server/base-server.js:900:17)\\n    at async /Users/damir/tme portal v5.2/node_modules/next/dist/server/dev/next-dev-server.js:371:20\\n    at async Span.traceAsyncFn (/Users/damir/tme portal v5.2/node_modules/next/dist/trace/trace.js:157:20)\\n    at async DevServer.handleRequest (/Users/damir/tme portal v5.2/node_modules/next/dist/server/dev/next-dev-server.js:368:24)\\n    at async invokeRender (/Users/damir/tme portal v5.2/node_modules/next/dist/server/lib/router-server.js:237:21)\\n    at async handleRequest (/Users/damir/tme portal v5.2/node_modules/next/dist/server/lib/router-server.js:428:24)\\n    at async requestHandlerImpl (/Users/damir/tme portal v5.2/node_modules/next/dist/server/lib/router-server.js:452:13)\\n    at async Server.requestListener (/Users/damir/tme portal v5.2/node_modules/next/dist/server/lib/start-server.js:158:13)", "timestamp": "2025-08-09T13:59:46.248Z"}	\N	\N	2025-08-09 13:59:46.259796
11	\N	review_system_error_get_applications_by_user	review_system	\N	{"error": "relation \\"applications\\" does not exist", "stack": "error: relation \\"applications\\" does not exist\\n    at /Users/damir/tme portal v5.2/node_modules/pg-pool/index.js:45:11\\n    at process.processTicksAndRejections (node:internal/process/task_queues:95:5)\\n    at async /Users/damir/tme portal v5.2/.next/server/chunks/[root-of-the-server]__380e5730._.js:2663:28\\n    at async safeDbOperation (/Users/damir/tme portal v5.2/.next/server/chunks/[root-of-the-server]__380e5730._.js:2528:16)\\n    at async GET (/Users/damir/tme portal v5.2/.next/server/chunks/[root-of-the-server]__1db76fd3._.js:3860:28)\\n    at async AppRouteRouteModule.do (/Users/damir/tme portal v5.2/node_modules/next/dist/compiled/next-server/app-route-turbo.runtime.dev.js:26:34112)\\n    at async AppRouteRouteModule.handle (/Users/damir/tme portal v5.2/node_modules/next/dist/compiled/next-server/app-route-turbo.runtime.dev.js:26:41338)\\n    at async doRender (/Users/damir/tme portal v5.2/node_modules/next/dist/server/base-server.js:1518:42)\\n    at async DevServer.renderToResponseWithComponentsImpl (/Users/damir/tme portal v5.2/node_modules/next/dist/server/base-server.js:1920:28)\\n    at async DevServer.renderPageComponent (/Users/damir/tme portal v5.2/node_modules/next/dist/server/base-server.js:2408:24)\\n    at async DevServer.renderToResponseImpl (/Users/damir/tme portal v5.2/node_modules/next/dist/server/base-server.js:2445:32)\\n    at async DevServer.pipeImpl (/Users/damir/tme portal v5.2/node_modules/next/dist/server/base-server.js:1008:25)\\n    at async NextNodeServer.handleCatchallRenderRequest (/Users/damir/tme portal v5.2/node_modules/next/dist/server/next-server.js:305:17)\\n    at async DevServer.handleRequestImpl (/Users/damir/tme portal v5.2/node_modules/next/dist/server/base-server.js:900:17)\\n    at async /Users/damir/tme portal v5.2/node_modules/next/dist/server/dev/next-dev-server.js:371:20\\n    at async Span.traceAsyncFn (/Users/damir/tme portal v5.2/node_modules/next/dist/trace/trace.js:157:20)\\n    at async DevServer.handleRequest (/Users/damir/tme portal v5.2/node_modules/next/dist/server/dev/next-dev-server.js:368:24)\\n    at async invokeRender (/Users/damir/tme portal v5.2/node_modules/next/dist/server/lib/router-server.js:237:21)\\n    at async handleRequest (/Users/damir/tme portal v5.2/node_modules/next/dist/server/lib/router-server.js:428:24)\\n    at async requestHandlerImpl (/Users/damir/tme portal v5.2/node_modules/next/dist/server/lib/router-server.js:452:13)\\n    at async Server.requestListener (/Users/damir/tme portal v5.2/node_modules/next/dist/server/lib/start-server.js:158:13)", "timestamp": "2025-08-09T13:59:46.358Z"}	\N	\N	2025-08-09 13:59:46.385801
12	\N	login_failed	auth	uwe@TME-Services.com	{"reason": "invalid_credentials"}	::1	Mozilla/5.0 (Macintosh; Intel Mac OS X 10_15_7) AppleWebKit/537.36 (KHTML, like Gecko) Chrome/138.0.0.0 Safari/537.36	2025-08-09 14:03:14.304987
13	1	login_success	auth	\N	{"remember_me": false}	::1	Mozilla/5.0 (Macintosh; Intel Mac OS X 10_15_7) AppleWebKit/537.36 (KHTML, like Gecko) Chrome/138.0.0.0 Safari/537.36	2025-08-09 14:03:44.945292
14	1	change_password_success	auth	\N	{"sessions_invalidated": true}	::1	Mozilla/5.0 (Macintosh; Intel Mac OS X 10_15_7) AppleWebKit/537.36 (KHTML, like Gecko) Chrome/138.0.0.0 Safari/537.36	2025-08-09 14:04:01.574106
15	45	logout	auth	\N	\N	::1	Mozilla/5.0 (Macintosh; Intel Mac OS X 10_15_7) AppleWebKit/537.36 (KHTML, like Gecko) Chrome/138.0.0.0 Safari/537.36	2025-08-09 14:04:58.888905
16	3	login_success	auth	\N	{"remember_me": false}	::1	Mozilla/5.0 (Macintosh; Intel Mac OS X 10_15_7) AppleWebKit/537.36 (KHTML, like Gecko) Chrome/138.0.0.0 Safari/537.36	2025-08-09 14:05:09.296145
17	3	change_password_success	auth	\N	{"sessions_invalidated": true}	::1	Mozilla/5.0 (Macintosh; Intel Mac OS X 10_15_7) AppleWebKit/537.36 (KHTML, like Gecko) Chrome/138.0.0.0 Safari/537.36	2025-08-09 14:05:27.928928
18	3	form_submitted_for_review	review_system	\N	{"urgency": "standard", "comments": "aaaa", "filename": "250809 MGT Novalic Damir Golden Deposit.pdf", "form_name": "250809 MGT Novalic Damir Golden Deposit", "reviewer_id": 1, "reviewer_name": "Uwe Hohmann", "application_id": "9f7adfb5-fd57-49eb-b851-ed54469f6db3"}	127.0.0.1	unknown	2025-08-09 14:10:16.59724
19	1	todo_created	todos	\N	{"title": "Review 250809 MGT Novalic Damir Golden Deposit", "todo_id": "d4590f6b-5084-4be7-b317-fc6518b35f02", "category": "review", "priority": "high", "auto_generated": true}	\N	\N	2025-08-09 14:10:16.617281
20	1	todo_auto_generated	automation	\N	{"todo_id": "d4590f6b-5084-4be7-b317-fc6518b35f02", "rule_applied": "review_requested", "notification_id": "review_9f7adfb5-fd57-49eb-b851-ed54469f6db3_1754748616606", "notification_type": "review_requested"}	\N	\N	2025-08-09 14:10:16.619104
21	3	form_submitted_for_review	review_system	\N	{"urgency": "standard", "comments": "test", "filename": "250809 MGT Novalic Damir Golden Deposit.pdf", "form_name": "250809 MGT Novalic Damir Golden Deposit", "reviewer_id": 1, "reviewer_name": "Uwe Hohmann", "application_id": "9f7adfb5-fd57-49eb-b851-ed54469f6db3"}	127.0.0.1	unknown	2025-08-09 14:11:39.268399
22	1	todo_created	todos	\N	{"title": "Review 250809 MGT Novalic Damir Golden Deposit", "todo_id": "178ad29e-42c8-4125-9b87-798b6db79223", "category": "review", "priority": "high", "auto_generated": true}	\N	\N	2025-08-09 14:11:39.286089
23	1	todo_auto_generated	automation	\N	{"todo_id": "178ad29e-42c8-4125-9b87-798b6db79223", "rule_applied": "review_requested", "notification_id": "review_9f7adfb5-fd57-49eb-b851-ed54469f6db3_1754748699281", "notification_type": "review_requested"}	\N	\N	2025-08-09 14:11:39.288885
24	3	todo_created	todos	\N	{"title": "Send 250809 MGT Novalic Damir Golden Deposit to Damir Novalic", "todo_id": "cfc25e0e-ddce-42b9-a21b-0b35fd1a1301", "category": "action", "priority": "high", "auto_generated": true}	\N	\N	2025-08-09 14:12:11.232306
25	3	todo_auto_generated	automation	\N	{"todo_id": "cfc25e0e-ddce-42b9-a21b-0b35fd1a1301", "rule_applied": "application_approved", "notification_id": "f01bb3e4-9764-43d9-b73c-499149ba4d98", "notification_type": "application_approved"}	\N	\N	2025-08-09 14:12:11.233995
26	1	review_approved	review_system	\N	{"action": "approve", "comments": "tme good", "filename": "250809 MGT Novalic Damir Golden Deposit.pdf", "form_name": "250809 MGT Novalic Damir Golden Deposit", "application_id": "9f7adfb5-fd57-49eb-b851-ed54469f6db3"}	127.0.0.1	unknown	2025-08-09 14:12:11.237912
27	1	todo_created	todos	\N	{"title": "Send 250809 MGT Novalic Damir Golden Deposit to client", "todo_id": "20bc8803-15b6-4dc9-84db-efd0382142c0", "category": "action", "priority": "high", "auto_generated": true}	\N	\N	2025-08-09 14:12:11.245115
28	1	todo_auto_generated	automation	\N	{"todo_id": "20bc8803-15b6-4dc9-84db-efd0382142c0", "rule_applied": "application_approved", "notification_id": "approval_9f7adfb5-fd57-49eb-b851-ed54469f6db3_1754748731242", "notification_type": "application_approved"}	\N	\N	2025-08-09 14:12:11.247507
29	3	pdf_sent	email_system	\N	{"subject": "250809 MGT Novalic Damir Golden Deposit", "filename": "250809 MGT Novalic Damir Golden Deposit.pdf", "form_name": "250809 MGT Novalic Damir Golden Deposit", "recipient": "damirnovalic@gmail.com", "message_id": "<8a3afc90-3135-f8d2-acd0-1f4839fc278a@tme-services.com>", "attachments_count": 1, "attachment_filenames": ["250809 MGT Novalic Damir Golden Deposit.pdf"]}	127.0.0.1	unknown	2025-08-09 14:13:14.77183
30	3	todo_created	todos	\N	{"title": "Follow up with Novalic MGT regarding 250809 MGT Novalic Damir Golden Deposit", "todo_id": "96c95265-9af3-4a75-a9d9-9e60fb2437a3", "category": "follow_up", "priority": "medium", "auto_generated": true}	\N	\N	2025-08-09 14:13:14.834155
31	3	form_submitted_for_review	review_system	\N	{"urgency": "standard", "comments": "CHECK", "filename": "250809 FZCO Novalic Damir Setup IFZA 1 0 0 0 0 AED EUR.pdf", "form_name": "250809 FZCO Novalic Damir Setup IFZA 1 0 0 0 0 AED EUR", "reviewer_id": 1, "reviewer_name": "Uwe Hohmann", "application_id": "9f7adfb5-fd57-49eb-b851-ed54469f6db3"}	127.0.0.1	unknown	2025-08-09 14:15:24.96791
32	1	todo_created	todos	\N	{"title": "Review 250809 FZCO Novalic Damir Setup IFZA 1 0 0 0 0 AED EUR", "todo_id": "d53a5453-e016-4f11-80b7-90f0931e12af", "category": "review", "priority": "high", "auto_generated": true}	\N	\N	2025-08-09 14:15:24.981996
33	1	todo_auto_generated	automation	\N	{"todo_id": "d53a5453-e016-4f11-80b7-90f0931e12af", "rule_applied": "review_requested", "notification_id": "review_9f7adfb5-fd57-49eb-b851-ed54469f6db3_1754748924977", "notification_type": "review_requested"}	\N	\N	2025-08-09 14:15:24.983918
34	1	login_success	auth	\N	{"remember_me": false}	::1	Mozilla/5.0 (Macintosh; Intel Mac OS X 10_15_7) AppleWebKit/537.36 (KHTML, like Gecko) Chrome/138.0.0.0 Safari/537.36	2025-08-09 14:15:38.303455
35	3	form_submitted_for_review	review_system	\N	{"urgency": "standard", "comments": "aaaaa", "filename": "250809 FZCO Novalic Damir TME Services CIT.pdf", "form_name": "250809 FZCO Novalic Damir TME Services CIT", "reviewer_id": 1, "reviewer_name": "Uwe Hohmann", "application_id": "9f7adfb5-fd57-49eb-b851-ed54469f6db3"}	127.0.0.1	unknown	2025-08-09 14:16:16.369005
36	1	todo_created	todos	\N	{"title": "Review 250809 FZCO Novalic Damir TME Services CIT", "todo_id": "e2e67a61-bd07-4420-93cd-d9812528d4bf", "category": "review", "priority": "high", "auto_generated": true}	\N	\N	2025-08-09 14:16:16.384722
37	1	todo_auto_generated	automation	\N	{"todo_id": "e2e67a61-bd07-4420-93cd-d9812528d4bf", "rule_applied": "review_requested", "notification_id": "review_9f7adfb5-fd57-49eb-b851-ed54469f6db3_1754748976379", "notification_type": "review_requested"}	\N	\N	2025-08-09 14:16:16.387294
38	3	form_submitted_for_review	review_system	\N	{"urgency": "standard", "comments": "aaaa", "filename": "250809 MGT Novalic Damir Golden Property.pdf", "form_name": "250809 MGT Novalic Damir Golden Property", "reviewer_id": 1, "reviewer_name": "Uwe Hohmann", "application_id": "9f7adfb5-fd57-49eb-b851-ed54469f6db3"}	127.0.0.1	unknown	2025-08-09 14:16:34.754097
39	1	todo_created	todos	\N	{"title": "Review 250809 MGT Novalic Damir Golden Property", "todo_id": "5370cf01-4b6d-46fb-a17c-899a18906fde", "category": "review", "priority": "high", "auto_generated": true}	\N	\N	2025-08-09 14:16:34.784946
40	1	todo_auto_generated	automation	\N	{"todo_id": "5370cf01-4b6d-46fb-a17c-899a18906fde", "rule_applied": "review_requested", "notification_id": "review_9f7adfb5-fd57-49eb-b851-ed54469f6db3_1754748994772", "notification_type": "review_requested"}	\N	\N	2025-08-09 14:16:34.787303
70	45	pdf_previewed	cost_overview	\N	{"filename": "250810 FZCO Offerman Nick Setup IFZA 2 2 0 0 0 AED EUR.pdf", "authority": "IFZA (International Free Zone Authority)", "client_name": "Nick Offerman", "document_type": "Cost Overview", "has_family_visa": false}	127.0.0.1	unknown	2025-08-10 06:48:14.465662
41	3	form_submitted_for_review	review_system	\N	{"urgency": "standard", "comments": "aaaa", "filename": "250809 FZCO Novalic Damir Setup IFZA 1 0 0 0 0 AED USD.pdf", "form_name": "250809 FZCO Novalic Damir Setup IFZA 1 0 0 0 0 AED USD", "reviewer_id": 1, "reviewer_name": "Uwe Hohmann", "application_id": "9f7adfb5-fd57-49eb-b851-ed54469f6db3"}	127.0.0.1	unknown	2025-08-09 14:16:49.980992
42	1	todo_created	todos	\N	{"title": "Review 250809 FZCO Novalic Damir Setup IFZA 1 0 0 0 0 AED USD", "todo_id": "e29ebc22-f62b-4665-9976-0612399133ee", "category": "review", "priority": "high", "auto_generated": true}	\N	\N	2025-08-09 14:16:49.993041
43	1	todo_auto_generated	automation	\N	{"todo_id": "e29ebc22-f62b-4665-9976-0612399133ee", "rule_applied": "review_requested", "notification_id": "review_9f7adfb5-fd57-49eb-b851-ed54469f6db3_1754749009988", "notification_type": "review_requested"}	\N	\N	2025-08-09 14:16:49.996392
44	3	todo_created	todos	\N	{"title": "Edit 250809 FZCO Novalic Damir Setup IFZA 1 0 0 0 0 AED USD - Reason: edit this q", "todo_id": "df2b46ad-4aad-4366-8903-26a96cf431d1", "category": "action", "priority": "high", "auto_generated": true}	\N	\N	2025-08-09 14:18:27.316018
45	3	todo_auto_generated	automation	\N	{"todo_id": "df2b46ad-4aad-4366-8903-26a96cf431d1", "rule_applied": "application_rejected", "notification_id": "53e1ab5f-ebe0-42c3-a965-60358f7d6bd8", "notification_type": "application_rejected"}	\N	\N	2025-08-09 14:18:27.318849
46	1	review_rejected	review_system	\N	{"action": "reject", "comments": "edit this q", "filename": "250809 FZCO Novalic Damir Setup IFZA 1 0 0 0 0 AED USD.pdf", "form_name": "250809 FZCO Novalic Damir Setup IFZA 1 0 0 0 0 AED USD", "application_id": "9f7adfb5-fd57-49eb-b851-ed54469f6db3"}	127.0.0.1	unknown	2025-08-09 14:18:27.322194
47	1	todo_created	todos	\N	{"title": "Send 250809 FZCO Novalic Damir Setup IFZA 1 0 0 0 0 AED USD to client", "todo_id": "b41d624d-449c-4316-b62a-af3db2a1997a", "category": "action", "priority": "high", "auto_generated": true}	\N	\N	2025-08-09 14:18:27.336365
48	1	todo_auto_generated	automation	\N	{"todo_id": "b41d624d-449c-4316-b62a-af3db2a1997a", "rule_applied": "application_approved", "notification_id": "approval_9f7adfb5-fd57-49eb-b851-ed54469f6db3_1754749107331", "notification_type": "application_approved"}	\N	\N	2025-08-09 14:18:27.340381
49	3	todo_created	todos	\N	{"title": "Send 250809 FZCO Novalic Damir Setup IFZA 1 0 0 0 0 AED USD to Damir Novalic", "todo_id": "3ddcb577-508a-494a-87db-050f9ef07c7b", "category": "action", "priority": "high", "auto_generated": true}	\N	\N	2025-08-09 14:18:34.374221
50	3	todo_auto_generated	automation	\N	{"todo_id": "3ddcb577-508a-494a-87db-050f9ef07c7b", "rule_applied": "application_approved", "notification_id": "7f28e944-be25-43b8-83c5-1d1a1f2a035e", "notification_type": "application_approved"}	\N	\N	2025-08-09 14:18:34.376109
51	1	review_approved	review_system	\N	{"action": "approve", "comments": "good to go", "filename": "250809 FZCO Novalic Damir Setup IFZA 1 0 0 0 0 AED USD.pdf", "form_name": "250809 FZCO Novalic Damir Setup IFZA 1 0 0 0 0 AED USD", "application_id": "9f7adfb5-fd57-49eb-b851-ed54469f6db3"}	127.0.0.1	unknown	2025-08-09 14:18:34.384056
52	1	todo_created	todos	\N	{"title": "Send 250809 FZCO Novalic Damir Setup IFZA 1 0 0 0 0 AED USD to client", "todo_id": "4f6d7228-51b5-43a1-9ce5-a390635d8568", "category": "action", "priority": "high", "auto_generated": true}	\N	\N	2025-08-09 14:18:34.404207
53	1	todo_auto_generated	automation	\N	{"todo_id": "4f6d7228-51b5-43a1-9ce5-a390635d8568", "rule_applied": "application_approved", "notification_id": "approval_9f7adfb5-fd57-49eb-b851-ed54469f6db3_1754749114401", "notification_type": "application_approved"}	\N	\N	2025-08-09 14:18:34.406066
54	1	login_success	auth	\N	{"remember_me": false}	::1	Mozilla/5.0 (Macintosh; Intel Mac OS X 10_15_7) AppleWebKit/537.36 (KHTML, like Gecko) Chrome/138.0.0.0 Safari/537.36	2025-08-09 14:20:14.029134
55	3	logout	auth	\N	\N	::1	Mozilla/5.0 (Macintosh; Intel Mac OS X 10_15_7) AppleWebKit/537.36 (KHTML, like Gecko) Chrome/138.0.0.0 Safari/537.36	2025-08-09 14:20:25.268774
56	4	login_success	auth	\N	{"remember_me": false}	::1	Mozilla/5.0 (Macintosh; Intel Mac OS X 10_15_7) AppleWebKit/537.36 (KHTML, like Gecko) Chrome/138.0.0.0 Safari/537.36	2025-08-09 14:20:47.778847
57	4	change_password_success	auth	\N	{"sessions_invalidated": true}	::1	Mozilla/5.0 (Macintosh; Intel Mac OS X 10_15_7) AppleWebKit/537.36 (KHTML, like Gecko) Chrome/138.0.0.0 Safari/537.36	2025-08-09 14:21:28.616949
58	4	logout	auth	\N	\N	::1	Mozilla/5.0 (Macintosh; Intel Mac OS X 10_15_7) AppleWebKit/537.36 (KHTML, like Gecko) Chrome/138.0.0.0 Safari/537.36	2025-08-09 14:50:56.3988
59	21	login_success	auth	\N	{"remember_me": false}	::1	Mozilla/5.0 (Macintosh; Intel Mac OS X 10_15_7) AppleWebKit/537.36 (KHTML, like Gecko) Chrome/138.0.0.0 Safari/537.36	2025-08-09 14:51:17.167612
60	21	logout	auth	\N	\N	::1	Mozilla/5.0 (Macintosh; Intel Mac OS X 10_15_7) AppleWebKit/537.36 (KHTML, like Gecko) Chrome/138.0.0.0 Safari/537.36	2025-08-09 14:54:56.846515
61	\N	login_failed	auth	malavika@tme-services.com	{"reason": "invalid_credentials"}	::1	Mozilla/5.0 (Macintosh; Intel Mac OS X 10_15_7) AppleWebKit/537.36 (KHTML, like Gecko) Chrome/138.0.0.0 Safari/537.36	2025-08-09 14:55:13.710876
62	21	login_success	auth	\N	{"remember_me": false}	::1	Mozilla/5.0 (Macintosh; Intel Mac OS X 10_15_7) AppleWebKit/537.36 (KHTML, like Gecko) Chrome/138.0.0.0 Safari/537.36	2025-08-09 14:55:32.733251
63	21	change_password_success	auth	\N	{"sessions_invalidated": true}	::1	Mozilla/5.0 (Macintosh; Intel Mac OS X 10_15_7) AppleWebKit/537.36 (KHTML, like Gecko) Chrome/138.0.0.0 Safari/537.36	2025-08-09 14:56:09.599852
64	21	logout	auth	\N	\N	::1	Mozilla/5.0 (Macintosh; Intel Mac OS X 10_15_7) AppleWebKit/537.36 (KHTML, like Gecko) Chrome/138.0.0.0 Safari/537.36	2025-08-09 15:00:02.00289
65	\N	login_failed	auth	tina@TME-Services.com	{"reason": "invalid_credentials"}	::1	Mozilla/5.0 (Macintosh; Intel Mac OS X 10_15_7) AppleWebKit/537.36 (KHTML, like Gecko) Chrome/138.0.0.0 Safari/537.36	2025-08-09 15:00:19.491295
66	3	login_success	auth	\N	{"remember_me": false}	::1	Mozilla/5.0 (Macintosh; Intel Mac OS X 10_15_7) AppleWebKit/537.36 (KHTML, like Gecko) Chrome/138.0.0.0 Safari/537.36	2025-08-09 15:00:23.670959
67	45	login_success	auth	\N	{"remember_me": false}	::1	Mozilla/5.0 (Macintosh; Intel Mac OS X 10_15_7) AppleWebKit/537.36 (KHTML, like Gecko) Chrome/138.0.0.0 Safari/537.36	2025-08-10 06:44:26.861808
68	45	pdf_previewed	cost_overview	\N	{"filename": "250810 FZCO Offerman Nick Setup IFZA 1 0 0 0 0 AED EUR.pdf", "authority": "IFZA (International Free Zone Authority)", "client_name": "Nick Offerman", "document_type": "Cost Overview", "has_family_visa": false}	127.0.0.1	unknown	2025-08-10 06:46:01.828485
69	45	pdf_previewed	cost_overview	\N	{"filename": "250810 FZCO Offerman Nick Setup IFZA 2 2 0 0 0 AED EUR.pdf", "authority": "IFZA (International Free Zone Authority)", "client_name": "Nick Offerman", "document_type": "Cost Overview", "has_family_visa": false}	127.0.0.1	unknown	2025-08-10 06:47:47.768448
71	45	pdf_previewed	cost_overview	\N	{"filename": "250810 FZCO Offerman Nick Setup IFZA 1 2 0 0 0 AED EUR.pdf", "authority": "IFZA (International Free Zone Authority)", "client_name": "Nick Offerman", "document_type": "Cost Overview", "has_family_visa": false}	127.0.0.1	unknown	2025-08-10 06:48:28.285128
72	45	pdf_previewed	cost_overview	\N	{"filename": "250810 FZCO Offerman Nick Setup IFZA 3 2 2 0 0 AED EUR.pdf", "authority": "IFZA (International Free Zone Authority)", "client_name": "Nick Offerman", "document_type": "Cost Overview", "has_family_visa": false}	127.0.0.1	unknown	2025-08-10 06:48:45.956657
73	45	pdf_previewed	cost_overview	\N	{"filename": "250810 FZCO Imaginary Traders LLC Setup IFZA 3 2 2 0 0 AED EUR.pdf", "authority": "IFZA (International Free Zone Authority)", "client_name": "Imaginary Traders LLC", "document_type": "Cost Overview", "has_family_visa": false}	127.0.0.1	unknown	2025-08-10 06:49:37.404278
74	45	pdf_previewed	cost_overview	\N	{"filename": "250810 MGT Imaginary Traders LLC Setup DET INDIV AED EUR.pdf", "authority": "DET (Dubai Department of Economy and Tourism)", "client_name": "Imaginary Traders LLC", "document_type": "Cost Overview", "has_family_visa": false}	127.0.0.1	unknown	2025-08-10 06:52:58.217458
75	45	login_success	auth	\N	{"remember_me": false}	::1	Mozilla/5.0 (Macintosh; Intel Mac OS X 10_15_7) AppleWebKit/537.36 (KHTML, like Gecko) Chrome/138.0.0.0 Safari/537.36	2025-08-11 06:39:25.055518
76	45	pdf_previewed	cost_overview	\N	{"filename": "250811 FZCO Novalic Damir Setup IFZA 1 0 0 0 0 AED EUR.pdf", "authority": "IFZA (International Free Zone Authority)", "client_name": "Damir Novalic", "document_type": "Cost Overview", "has_family_visa": false}	127.0.0.1	unknown	2025-08-11 06:40:15.546401
77	45	pdf_previewed	cost_overview	\N	{"filename": "250811 FZCO Novalic Damir Setup IFZA 1 0 0 0 0 AED EUR.pdf", "authority": "IFZA (International Free Zone Authority)", "client_name": "Damir Novalic", "document_type": "Cost Overview", "has_family_visa": false}	127.0.0.1	unknown	2025-08-11 06:40:52.399806
78	45	pdf_previewed	cost_overview	\N	{"filename": "250811 MGT Novalic Damir Setup DET INDIV AED EUR.pdf", "authority": "DET (Dubai Department of Economy and Tourism)", "client_name": "Damir Novalic", "document_type": "Cost Overview", "has_family_visa": false}	127.0.0.1	unknown	2025-08-11 06:41:30.139496
79	45	pdf_previewed	cost_overview	\N	{"filename": "250811 FZCO Novalic Damir TME Services Setup IFZA 3 2 0 0 0 AED EUR.pdf", "authority": "IFZA (International Free Zone Authority)", "client_name": "TME Services", "document_type": "Cost Overview", "has_family_visa": false}	127.0.0.1	unknown	2025-08-11 06:42:54.159396
80	45	pdf_previewed	cost_overview	\N	{"filename": "250811 FZCO Novalic Damir Setup IFZA 1 0 0 0 0 AED EUR.pdf", "authority": "IFZA (International Free Zone Authority)", "client_name": "Damir Novalic", "document_type": "Cost Overview", "has_family_visa": false}	127.0.0.1	unknown	2025-08-11 06:46:23.989294
81	45	pdf_previewed	cost_overview	\N	{"filename": "250811 FZCO Novalic Damir Setup IFZA 1 0 0 0 0 AED EUR.pdf", "authority": "IFZA (International Free Zone Authority)", "client_name": "Damir Novalic", "document_type": "Cost Overview", "has_family_visa": false}	127.0.0.1	unknown	2025-08-11 06:48:26.890718
82	45	pdf_previewed	cost_overview	\N	{"filename": "250811 FZCO Novalic Damir Setup IFZA 2 0 0 0 0 AED EUR.pdf", "authority": "IFZA (International Free Zone Authority)", "client_name": "Damir Novalic", "document_type": "Cost Overview", "has_family_visa": false}	127.0.0.1	unknown	2025-08-11 06:48:43.651087
83	45	login_success	auth	\N	{"remember_me": false}	::1	Mozilla/5.0 (Macintosh; Intel Mac OS X 10_15_7) AppleWebKit/537.36 (KHTML, like Gecko) Chrome/138.0.0.0 Safari/537.36	2025-08-12 09:06:30.192045
84	45	pdf_generated	golden_visa	\N	{"filename": "250812 MGT Novalic Damir Golden Deposit.pdf", "visa_type": "time-deposit", "client_name": "Damir Novalic", "document_type": "Golden Visa"}	127.0.0.1	unknown	2025-08-12 09:06:49.318284
85	45	logout	auth	\N	\N	::1	Mozilla/5.0 (Macintosh; Intel Mac OS X 10_15_7) AppleWebKit/537.36 (KHTML, like Gecko) Chrome/138.0.0.0 Safari/537.36	2025-08-12 09:07:04.606375
86	3	login_success	auth	\N	{"remember_me": false}	::1	Mozilla/5.0 (Macintosh; Intel Mac OS X 10_15_7) AppleWebKit/537.36 (KHTML, like Gecko) Chrome/138.0.0.0 Safari/537.36	2025-08-12 09:07:16.47079
87	3	pdf_generated	golden_visa	\N	{"filename": "250812 MGT Novalic Damir Golden Deposit.pdf", "visa_type": "time-deposit", "client_name": "Damir Novalic", "document_type": "Golden Visa"}	127.0.0.1	unknown	2025-08-12 09:07:31.484406
88	3	pdf_sent	email_system	\N	{"subject": "250812 MGT Novalic Damir Golden Deposit", "filename": "250812 MGT Novalic Damir Golden Deposit.pdf", "form_name": "250812 MGT Novalic Damir Golden Deposit", "recipient": "damirnovalic@gmail.com", "message_id": "<329eb976-0685-e6a2-d4e6-7f6ce63c8b37@tme-services.com>", "attachments_count": 1, "attachment_filenames": ["250812 MGT Novalic Damir Golden Deposit.pdf"]}	127.0.0.1	unknown	2025-08-12 09:07:41.121174
89	3	todo_created	todos	\N	{"title": "Follow up with Novalic MGT regarding 250812 MGT Novalic Damir Golden Deposit", "todo_id": "4f703015-fe7f-4222-b66b-582510aa1f33", "category": "follow_up", "priority": "medium", "auto_generated": true}	\N	\N	2025-08-12 09:07:41.185928
90	3	form_submitted_for_review	review_system	\N	{"urgency": "standard", "comments": "test", "filename": "250812 MGT Novalic Damir Golden Deposit.pdf", "form_name": "250812 MGT Novalic Damir Golden Deposit", "reviewer_id": 1, "reviewer_name": "Uwe Hohmann", "application_id": "9f7adfb5-fd57-49eb-b851-ed54469f6db3"}	127.0.0.1	unknown	2025-08-12 09:07:54.910756
91	1	todo_created	todos	\N	{"title": "Review 250812 MGT Novalic Damir Golden Deposit", "todo_id": "2d6dab40-fb89-4863-86d2-e96506b8a1a8", "category": "review", "priority": "high", "auto_generated": true}	\N	\N	2025-08-12 09:07:54.927549
92	1	todo_auto_generated	automation	\N	{"todo_id": "2d6dab40-fb89-4863-86d2-e96506b8a1a8", "rule_applied": "review_requested", "notification_id": "review_9f7adfb5-fd57-49eb-b851-ed54469f6db3_1754989674924", "notification_type": "review_requested"}	\N	\N	2025-08-12 09:07:54.930936
93	\N	login_failed	auth	uwe@tme-services.com	{"reason": "invalid_credentials"}	::1	Mozilla/5.0 (Macintosh; Intel Mac OS X 10_15_7) AppleWebKit/537.36 (KHTML, like Gecko) Chrome/138.0.0.0 Safari/537.36	2025-08-12 09:08:10.399227
94	1	login_success	auth	\N	{"remember_me": false}	::1	Mozilla/5.0 (Macintosh; Intel Mac OS X 10_15_7) AppleWebKit/537.36 (KHTML, like Gecko) Chrome/138.0.0.0 Safari/537.36	2025-08-12 09:08:14.199912
95	3	todo_created	todos	\N	{"title": "Send 250812 MGT Novalic Damir Golden Deposit to Damir Novalic", "todo_id": "fd2b1b06-e00e-4aa3-8ed2-31201bdb2df7", "category": "action", "priority": "high", "auto_generated": true}	\N	\N	2025-08-12 09:08:30.107346
96	3	todo_auto_generated	automation	\N	{"todo_id": "fd2b1b06-e00e-4aa3-8ed2-31201bdb2df7", "rule_applied": "application_approved", "notification_id": "a9bd3d03-e543-4608-8d20-64ba504e63cf", "notification_type": "application_approved"}	\N	\N	2025-08-12 09:08:30.111335
97	1	review_approved	review_system	\N	{"action": "approve", "comments": "ok good", "filename": "250812 MGT Novalic Damir Golden Deposit.pdf", "form_name": "250812 MGT Novalic Damir Golden Deposit", "application_id": "9f7adfb5-fd57-49eb-b851-ed54469f6db3"}	127.0.0.1	unknown	2025-08-12 09:08:30.126051
98	1	todo_created	todos	\N	{"title": "Send 250812 MGT Novalic Damir Golden Deposit to client", "todo_id": "4a52986c-9548-439d-a22d-68b54e702a2c", "category": "action", "priority": "high", "auto_generated": true}	\N	\N	2025-08-12 09:08:30.144481
99	1	todo_auto_generated	automation	\N	{"todo_id": "4a52986c-9548-439d-a22d-68b54e702a2c", "rule_applied": "application_approved", "notification_id": "approval_9f7adfb5-fd57-49eb-b851-ed54469f6db3_1754989710141", "notification_type": "application_approved"}	\N	\N	2025-08-12 09:08:30.146119
100	3	pdf_sent	email_system	\N	{"subject": "250812 MGT Novalic Damir Golden Deposit", "filename": "250812 MGT Novalic Damir Golden Deposit.pdf", "form_name": "250812 MGT Novalic Damir Golden Deposit", "recipient": "damirnovalic@gmail.com", "message_id": "<75325433-1f10-a100-f6d5-9ab511ad925b@tme-services.com>", "attachments_count": 1, "attachment_filenames": ["250812 MGT Novalic Damir Golden Deposit.pdf"]}	127.0.0.1	unknown	2025-08-12 09:09:09.499634
101	3	todo_created	todos	\N	{"title": "Follow up with Novalic MGT regarding 250812 MGT Novalic Damir Golden Deposit", "todo_id": "0b7d24ed-3598-4da1-b182-377c2ec6bbe9", "category": "follow_up", "priority": "medium", "auto_generated": true}	\N	\N	2025-08-12 09:09:09.53345
102	3	pdf_generated	golden_visa	\N	{"filename": "250812 MGT Novalic Damir Golden Property.pdf", "visa_type": "property-investment", "client_name": "Damir Novalic", "document_type": "Golden Visa"}	127.0.0.1	unknown	2025-08-12 09:12:56.666531
103	3	pdf_generated	golden_visa	\N	{"filename": "250812 MGT Novalic Damir Golden Deposit.pdf", "visa_type": "time-deposit", "client_name": "Damir Novalic", "document_type": "Golden Visa"}	127.0.0.1	unknown	2025-08-12 09:20:58.32106
104	3	pdf_sent	email_system	\N	{"subject": "250812 MGT Novalic Damir Golden Deposit", "filename": "250812 MGT Novalic Damir Golden Deposit.pdf", "form_name": "250812 MGT Novalic Damir Golden Deposit", "recipient": "damirnovalic@gmail.com", "message_id": "<acfb763b-f793-47f1-4ae1-7f3a9f7acd2c@tme-services.com>", "attachments_count": 1, "attachment_filenames": ["250812 MGT Novalic Damir Golden Deposit.pdf"]}	127.0.0.1	unknown	2025-08-12 09:21:14.00664
105	3	todo_created	todos	\N	{"title": "Follow up with Novalic MGT regarding 250812 MGT Novalic Damir Golden Deposit", "todo_id": "1a390b47-10f2-4cfc-9239-f9a0b3a216d9", "category": "follow_up", "priority": "medium", "auto_generated": true}	\N	\N	2025-08-12 09:21:14.027335
106	3	pdf_generated	golden_visa	\N	{"filename": "250812 MGT Novalic Damir Golden Deposit.pdf", "visa_type": "time-deposit", "client_name": "Damir Novalic", "document_type": "Golden Visa"}	127.0.0.1	unknown	2025-08-12 09:22:40.134601
107	1	pdf_generated	company_services	\N	{"filename": "250812 FZCO Novalic Damir TME Services COMPL.pdf", "client_name": "Damir Novalic", "company_type": "tme-fzco", "document_type": "Company Services"}	127.0.0.1	unknown	2025-08-12 09:23:58.687727
108	1	pdf_generated	golden_visa	\N	{"filename": "250812 MGT Novalic Damir Golden Property.pdf", "visa_type": "property-investment", "client_name": "Damir Novalic", "document_type": "Golden Visa"}	127.0.0.1	unknown	2025-08-12 09:25:57.719104
109	1	pdf_sent	email_system	\N	{"subject": "250812 MGT Novalic Damir Golden Property", "filename": "250812 MGT Novalic Damir Golden Property.pdf", "form_name": "250812 MGT Novalic Damir Golden Property", "recipient": "damirnovalic@gmail.com", "message_id": "<594e06e3-3469-ccb2-8afb-6647b01fecb2@tme-services.com>", "attachments_count": 1, "attachment_filenames": ["250812 MGT Novalic Damir Golden Property.pdf"]}	127.0.0.1	unknown	2025-08-12 09:26:28.334469
110	1	todo_created	todos	\N	{"title": "Follow up with Novalic MGT regarding 250812 MGT Novalic Damir Golden Property", "todo_id": "8de64480-2ae3-4514-9f43-428190a590bf", "category": "follow_up", "priority": "medium", "auto_generated": true}	\N	\N	2025-08-12 09:26:28.352796
111	3	pdf_generated	golden_visa	\N	{"filename": "250812 MGT Novalic Damir Golden Skilled.pdf", "visa_type": "skilled-employee", "client_name": "Damir Novalic", "document_type": "Golden Visa"}	127.0.0.1	unknown	2025-08-12 10:36:32.346945
112	3	pdf_sent	email_system	\N	{"subject": "250812 MGT Novalic Damir Golden Skilled", "filename": "250812 MGT Novalic Damir Golden Skilled.pdf", "form_name": "250812 MGT Novalic Damir Golden Skilled", "recipient": "damirnovalic@gmail.com", "message_id": "<e33e5ef7-a579-a961-1fb7-47c62b7af5d5@tme-services.com>", "attachments_count": 1, "attachment_filenames": ["250812 MGT Novalic Damir Golden Skilled.pdf"]}	127.0.0.1	unknown	2025-08-12 10:36:41.939781
113	3	todo_created	todos	\N	{"title": "Follow up with Novalic MGT regarding 250812 MGT Novalic Damir Golden Skilled", "todo_id": "d8de319a-c8fb-4b4b-b6fb-2c338d2fa6af", "category": "follow_up", "priority": "medium", "auto_generated": true}	\N	\N	2025-08-12 10:36:42.023749
114	3	logout	auth	\N	\N	::1	Mozilla/5.0 (Macintosh; Intel Mac OS X 10_15_7) AppleWebKit/537.36 (KHTML, like Gecko) Chrome/138.0.0.0 Safari/537.36	2025-08-12 10:38:54.678365
115	45	login_success	auth	\N	{"remember_me": false}	::1	Mozilla/5.0 (Macintosh; Intel Mac OS X 10_15_7) AppleWebKit/537.36 (KHTML, like Gecko) Chrome/138.0.0.0 Safari/537.36	2025-08-12 10:39:12.45026
116	45	logout	auth	\N	\N	::1	Mozilla/5.0 (Macintosh; Intel Mac OS X 10_15_7) AppleWebKit/537.36 (KHTML, like Gecko) Chrome/138.0.0.0 Safari/537.36	2025-08-12 10:39:25.676362
117	3	login_success	auth	\N	{"remember_me": false}	::1	Mozilla/5.0 (Macintosh; Intel Mac OS X 10_15_7) AppleWebKit/537.36 (KHTML, like Gecko) Chrome/138.0.0.0 Safari/537.36	2025-08-12 10:39:35.9712
118	3	form_submitted_for_review	review_system	\N	{"urgency": "standard", "comments": "test", "filename": "250812 MGT Novalic Damir Golden Property.pdf", "form_name": "250812 MGT Novalic Damir Golden Property", "reviewer_id": 1, "reviewer_name": "Uwe Hohmann", "application_id": "9f7adfb5-fd57-49eb-b851-ed54469f6db3"}	127.0.0.1	unknown	2025-08-12 10:40:00.342125
119	1	todo_created	todos	\N	{"title": "Review 250812 MGT Novalic Damir Golden Property", "todo_id": "ec2ba150-96a5-4e13-a66d-4c0301e62661", "category": "review", "priority": "high", "auto_generated": true}	\N	\N	2025-08-12 10:40:00.356532
120	1	todo_auto_generated	automation	\N	{"todo_id": "ec2ba150-96a5-4e13-a66d-4c0301e62661", "rule_applied": "review_requested", "notification_id": "review_9f7adfb5-fd57-49eb-b851-ed54469f6db3_1754995200360", "notification_type": "review_requested"}	\N	\N	2025-08-12 10:40:00.358105
121	3	todo_created	todos	\N	{"title": "Send 250812 MGT Novalic Damir Golden Property to Damir Novalic", "todo_id": "ded76c00-d345-4fa6-b5d7-c1d8fcf0dc8c", "category": "action", "priority": "high", "auto_generated": true}	\N	\N	2025-08-12 10:40:17.437169
122	3	todo_auto_generated	automation	\N	{"todo_id": "ded76c00-d345-4fa6-b5d7-c1d8fcf0dc8c", "rule_applied": "application_approved", "notification_id": "f93d1921-68e0-4a6f-bb82-bd21d15d4a07", "notification_type": "application_approved"}	\N	\N	2025-08-12 10:40:17.439594
123	1	review_approved	review_system	\N	{"action": "approve", "comments": "good to go", "filename": "250812 MGT Novalic Damir Golden Property.pdf", "form_name": "250812 MGT Novalic Damir Golden Property", "application_id": "9f7adfb5-fd57-49eb-b851-ed54469f6db3"}	127.0.0.1	unknown	2025-08-12 10:40:17.445207
124	1	todo_created	todos	\N	{"title": "Send 250812 MGT Novalic Damir Golden Property to client", "todo_id": "b9b72586-6c08-4bf5-8595-6d36af885a4a", "category": "action", "priority": "high", "auto_generated": true}	\N	\N	2025-08-12 10:40:17.45542
125	1	todo_auto_generated	automation	\N	{"todo_id": "b9b72586-6c08-4bf5-8595-6d36af885a4a", "rule_applied": "application_approved", "notification_id": "approval_9f7adfb5-fd57-49eb-b851-ed54469f6db3_1754995217452", "notification_type": "application_approved"}	\N	\N	2025-08-12 10:40:17.457227
126	3	pdf_downloaded	golden-visa	\N	{"filename": "250812 MGT Novalic Damir Golden Property.pdf", "client_name": "Unknown Client", "document_type": "Document"}	127.0.0.1	unknown	2025-08-12 10:40:47.127985
127	3	pdf_sent	email_system	\N	{"subject": "250812 MGT Novalic Damir Golden Property", "filename": "250812 MGT Novalic Damir Golden Property.pdf", "form_name": "250812 MGT Novalic Damir Golden Property", "recipient": "damirnovalic@gmail.com", "message_id": "<93139aa3-7e73-f5ee-8118-8086eb40e26e@tme-services.com>", "attachments_count": 1, "attachment_filenames": ["250812 MGT Novalic Damir Golden Property.pdf"]}	127.0.0.1	unknown	2025-08-12 10:41:02.238005
128	3	todo_created	todos	\N	{"title": "Follow up with Novalic MGT regarding 250812 MGT Novalic Damir Golden Property", "todo_id": "723ec073-4d9b-439e-b83f-1d06cdd0eb01", "category": "follow_up", "priority": "medium", "auto_generated": true}	\N	\N	2025-08-12 10:41:02.257769
\.


--
-- Data for Name: sessions; Type: TABLE DATA; Schema: public; Owner: tme_user
--

COPY public.sessions (id, user_id, expires_at, ip_address, user_agent, created_at, last_activity) FROM stdin;
a385bba0-5a25-4bac-b58a-5c69c3b8705e	1	2025-08-12 21:08:14.195	::1	Mozilla/5.0 (Macintosh; Intel Mac OS X 10_15_7) AppleWebKit/537.36 (KHTML, like Gecko) Chrome/138.0.0.0 Safari/537.36	2025-08-12 09:08:14.195801	2025-08-12 09:08:14.195801
991fe02c-f748-4e14-8daa-fa9e1ab6e390	3	2025-08-12 22:39:35.97	::1	Mozilla/5.0 (Macintosh; Intel Mac OS X 10_15_7) AppleWebKit/537.36 (KHTML, like Gecko) Chrome/138.0.0.0 Safari/537.36	2025-08-12 10:39:35.966058	2025-08-12 10:39:35.966058
\.


--
-- Name: audit_logs_id_seq; Type: SEQUENCE SET; Schema: public; Owner: tme_user
--

SELECT pg_catalog.setval('public.audit_logs_id_seq', 128, true);


--
-- Name: users_id_seq; Type: SEQUENCE SET; Schema: public; Owner: tme_user
--

SELECT pg_catalog.setval('public.users_id_seq', 45, true);


--
-- PostgreSQL database dump complete
--

